"pair","mean","min","max"
"CO2pc-LifeExp",0.00455694589412301,0.0040948783514784,0.00512916357615257
"Energy-U5Mort",-0.0138753173676355,-0.0157854732115271,-0.0105858087149935
"Renewables-AgriVA",0.0178925341691654,0.0154675505185583,0.0200316306258739
